day,window,start_frame,end_frame,mean_observations_per_frame,sd_observations_per_frame
3,0,47172,65171,0.00316667,0.05618397
3,1,65172,83171,0.00333333,0.05763872
3,2,83172,101171,0.01022222,0.10058692
3,3,101172,119171,0.01716667,0.13074477
3,4,119172,137171,0.03916667,0.21413748
3,5,137172,155171,0.02250000,0.15236788
3,6,155172,173171,0.02783333,0.18059400
3,7,173172,191171,0.03666667,0.21026438
3,8,191172,209171,0.02694444,0.16396679
3,9,209172,227171,0.01361111,0.11586996
3,10,227172,245171,0.03838889,0.21008904
3,11,245172,263171,0.02361111,0.15329081
3,12,263172,281171,0.04311111,0.22810156
3,13,281172,299171,0.03683333,0.19040593
3,14,299172,317171,0.01266667,0.11183122
3,15,317172,335171,0.04344444,0.20817013
3,16,335172,353171,0.01566667,0.12418221
3,17,353172,371171,0.01605556,0.12568920
3,18,371172,389171,0.01188889,0.12052104
3,19,389172,407171,0.03122222,0.17957560
3,20,407172,425171,0.01205556,0.10913395
3,21,425172,443171,0.02438889,0.15710812
3,22,443172,461171,0.01177778,0.10788448
3,23,461172,479171,0.01944444,0.13808098
5,0,61727,79726,0.00238889,0.04881785
5,1,79727,97726,0.01105556,0.10456257
5,2,97727,115726,0.05177778,0.23066849
5,3,115727,133726,0.08950000,0.30811393
5,4,133727,151726,0.07950000,0.31668732
5,5,151727,169726,0.12438889,0.38329661
5,6,169727,187726,0.18866667,0.47640366
5,7,187727,205726,0.20838889,0.49246169
5,8,205727,223726,0.09722222,0.32862179
5,9,223727,241726,0.11638889,0.38262001
5,10,241727,259726,0.15550000,0.42333041
5,11,259727,277726,0.17938889,0.46938218
5,12,277727,295726,0.18200000,0.48681322
5,13,295727,313726,0.13522222,0.41558988
5,14,313727,331726,0.18816667,0.50429706
5,15,331727,349726,0.19433333,0.49296281
5,16,349727,367726,0.10672222,0.35260827
5,17,367727,385726,0.13733333,0.39612793
5,18,385727,403726,0.12527778,0.38690356
5,19,403727,421726,0.09077778,0.33662286
5,20,421727,439726,0.06172222,0.26123921
5,21,439727,457726,0.07277778,0.28388780
5,22,457727,475726,0.10850000,0.34456893
5,23,475727,493726,0.05000000,0.22864334
5,24,493727,511726,0.06316667,0.25746408
5,25,511727,529726,0.00183333,0.04277817
7,0,35165,53164,0.00566667,0.07506368
7,1,53165,71164,0.04533333,0.21147734
7,2,71165,89164,0.12855556,0.38111842
7,3,89165,107164,0.20622222,0.49354180
7,4,107165,125164,0.33238889,0.72096838
7,5,125165,143164,0.40022222,0.78091112
7,6,143165,161164,0.33511111,0.75948117
7,7,161165,179164,0.35888889,0.76628896
7,8,179165,197164,0.36383333,0.76187836
7,9,197165,215164,0.42205556,0.85533112
7,10,215165,233164,0.47605556,0.93374039
7,11,233165,251164,0.55038889,1.05425849
7,12,251165,269164,0.53111111,1.05463469
7,13,269165,287164,0.48338889,1.05153415
7,14,287165,305164,0.42644444,0.88313244
7,15,305165,323164,0.40533333,0.83940084
7,16,323165,341164,0.39433333,0.77175925
7,17,341165,359164,0.42338889,0.96885824
7,18,359165,377164,0.36166667,0.79531790
7,19,377165,395164,0.37500000,0.76167761
7,20,395165,413164,0.35627778,0.74551215
7,21,413165,431164,0.24661111,0.56873609
7,22,431165,449164,0.33738889,0.80284346
7,23,449165,467164,0.25494444,0.66995273
7,24,467165,485164,0.23522222,0.56381977
7,25,485165,503164,0.12900000,0.40637025
7,26,503165,521164,0.17083333,0.47596029
7,27,521165,539164,0.06200000,0.25394750
7,28,539165,557164,0.06661111,0.27539197
7,29,557165,575164,0.04083333,0.21486268
8,0,17099,35098,0.00422222,0.06818240
8,1,35099,53098,0.00538889,0.07321099
8,2,53099,71098,0.01977778,0.13963427
8,3,71099,89098,0.05977778,0.25140484
8,4,89099,107098,0.15700000,0.41595392
8,5,107099,125098,0.19394444,0.48338735
8,6,125099,143098,0.24322222,0.56515352
8,7,143099,161098,0.20916667,0.48036372
8,8,161099,179098,0.21494444,0.52659176
8,9,179099,197098,0.23350000,0.54434464
8,10,197099,215098,0.25461111,0.53313107
8,11,215099,233098,0.36288889,0.81266399
8,12,233099,251098,0.32988889,0.76467567
8,13,251099,269098,0.31216667,0.73336877
8,14,269099,287098,0.27222222,0.64092429
8,15,287099,305098,0.23227778,0.59515855
8,16,305099,323098,0.34500000,0.80067853
8,17,323099,341098,0.29988889,0.72561085
8,18,341099,359098,0.39688889,1.00412001
8,19,359099,377098,0.26011111,0.66858722
8,20,377099,395098,0.31738889,0.73408133
8,21,395099,413098,0.21094444,0.57571424
8,22,413099,431098,0.19322222,0.54385318
8,23,431099,449098,0.32561111,0.77983593
8,24,449099,467098,0.15188889,0.48159087
8,25,467099,485098,0.24350000,0.60661811
8,26,485099,503098,0.15777778,0.46630409
8,27,503099,521098,0.11838889,0.37228374
8,28,521099,539098,0.12066667,0.39043508
8,29,539099,557098,0.12027778,0.39920745
8,30,557099,575098,0.07783333,0.29869675
8,31,575099,593098,0.08944444,0.31675389
8,32,593099,611098,0.06172222,0.25038045
9,0,12621,30620,0.05072222,0.23150361
9,1,30621,48620,0.12266667,0.40284764
9,2,48621,66620,0.18022222,0.51095548
9,3,66621,84620,0.24616667,0.66875654
9,4,84621,102620,0.29700000,0.78337723
9,5,102621,120620,0.44700000,1.01771634
9,6,120621,138620,0.36822222,0.85229830
9,7,138621,156620,0.37350000,0.80649997
9,8,156621,174620,0.42961111,0.96835534
9,9,174621,192620,0.60800000,1.36357471
9,10,192621,210620,0.45844444,1.10932703
9,11,210621,228620,0.32161111,0.67260659
9,12,228621,246620,0.52416667,1.13091623
9,13,246621,264620,0.36127778,0.94597424
9,14,264621,282620,0.54183333,1.20153835
9,15,282621,300620,0.50738889,1.18829984
9,16,300621,318620,0.47300000,1.20080709
9,17,318621,336620,0.37272222,0.88519949
9,18,336621,354620,0.34527778,0.80750296
9,19,354621,372620,0.26727778,0.61568059
9,20,372621,390620,0.16911111,0.44914893
9,21,390621,408620,0.22805556,0.56049740
9,22,408621,426620,0.13594444,0.41755532
9,23,426621,444620,0.16083333,0.46220411
9,24,444621,462620,0.13838889,0.43806857
9,25,462621,480620,0.10100000,0.35121867
9,26,480621,498620,0.12811111,0.41476739
9,27,498621,516620,0.07144444,0.29174974
9,28,516621,534620,0.05472222,0.25917590
9,29,534621,552620,0.02294444,0.15411467
10,0,11303,29302,0.00994444,0.10198582
10,1,29303,47302,0.10177778,0.33362846
10,2,47303,65302,0.24477778,0.61452371
10,3,65303,83302,0.46577778,0.95878740
10,4,83303,101302,0.91561111,1.62112467
10,5,101303,119302,0.95038889,1.92311520
10,6,119303,137302,0.99505556,1.90470995
10,7,137303,155302,1.11527778,2.06057973
10,8,155303,173302,0.94855556,1.79441050
10,9,173303,191302,1.13344444,2.20939241
10,10,191303,209302,1.01000000,1.70528916
10,11,209303,227302,0.99944444,1.68595496
10,12,227303,245302,1.02055556,2.10256978
10,13,245303,263302,1.16111111,1.91280448
10,14,263303,281302,0.84316667,1.37328195
10,15,281303,299302,0.84472222,1.51688641
10,16,299303,317302,0.74211111,1.43408662
10,17,317303,335302,0.74311111,1.62114750
10,18,335303,353302,0.71205556,1.35680556
10,19,353303,371302,0.96988889,1.70632288
10,20,371303,389302,0.80205556,1.53763390
10,21,389303,407302,0.67927778,1.44832222
10,22,407303,425302,0.51238889,1.13908436
10,23,425303,443302,0.33816667,0.77748096
10,24,443303,461302,0.43261111,0.94552329
10,25,461303,479302,0.26472222,0.68652096
10,26,479303,497302,0.16633333,0.50793689
10,27,497303,515302,0.16577778,0.44903100
10,28,515303,533302,0.08511111,0.30764426
10,29,533303,551302,0.04205556,0.20912037
10,30,551303,569302,0.06450000,0.26813300
10,31,569303,587302,0.04522222,0.22050310
11,0,21112,39111,0.02800000,0.17092688
11,1,39112,57111,0.29783333,0.67553746
11,2,57112,75111,0.44561111,0.92504514
11,3,75112,93111,0.70961111,1.17613154
11,4,93112,111111,1.03683333,1.89784351
11,5,111112,129111,1.17444444,2.24828632
11,6,129112,147111,1.59561111,3.41213076
11,7,147112,165111,1.24611111,2.45847432
11,8,165112,183111,1.09566667,2.40302196
11,9,183112,201111,1.35888889,2.94401066
11,10,201112,219111,1.16466667,2.40815660
11,11,219112,237111,1.00077778,1.87474427
11,12,237112,255111,0.98716667,1.51375243
11,13,255112,273111,1.21966667,2.25619441
11,14,273112,291111,1.01516667,2.00838326
11,15,291112,309111,0.76983333,1.57390914
11,16,309112,327111,0.83611111,1.50481685
11,17,327112,345111,0.70255556,1.34005561
11,18,345112,363111,0.45627778,0.88974374
11,19,363112,381111,0.42144444,0.90752785
11,20,381112,399111,0.43533333,0.92834165
11,21,399112,417111,0.44666667,0.92143608
11,22,417112,435111,0.43650000,0.86741697
11,23,435112,453111,0.28788889,0.62486264
11,24,453112,471111,0.27477778,0.63267286
11,25,471112,489111,0.22872222,0.53089812
11,26,489112,507111,0.11188889,0.33670427
11,27,507112,525111,0.12211111,0.37100463
11,28,525112,543111,0.03161111,0.17559633
11,29,543112,561111,0.05283333,0.23294676
12,0,21759,39758,0.04166667,0.21065374
12,1,39759,57758,0.18438889,0.47673737
12,2,57759,75758,0.39977778,0.78504066
12,3,75759,93758,0.67966667,1.21066919
12,4,93759,111758,0.81288889,1.52351585
12,5,111759,129758,0.90627778,1.89916488
12,6,129759,147758,0.88116667,1.68991807
12,7,147759,165758,0.90688889,1.74161397
12,8,165759,183758,0.70505556,1.31961989
12,9,183759,201758,0.91277778,1.51435834
12,10,201759,219758,0.84266667,1.49306605
12,11,219759,237758,0.74727778,1.31806606
12,12,237759,255758,0.89700000,1.78489088
12,13,255759,273758,0.61844444,1.15319547
12,14,273759,291758,0.68327778,1.15972618
12,15,291759,309758,0.49961111,0.93434461
12,16,309759,327758,0.52333333,1.04003739
12,17,327759,345758,0.39744444,0.84809206
12,18,345759,363758,0.48411111,0.97824831
12,19,363759,381758,0.35922222,0.79816697
12,20,381759,399758,0.34316667,0.63793327
12,21,399759,417758,0.42911111,0.90822005
12,22,417759,435758,0.33527778,0.71459385
12,23,435759,453758,0.24000000,0.56946369
12,24,453759,471758,0.23850000,0.57970872
12,25,471759,489758,0.13011111,0.39138499
12,26,489759,507758,0.11666667,0.35142567
12,27,507759,525758,0.12305556,0.35888964
12,28,525759,543758,0.06900000,0.29138577
12,29,543759,561758,0.05894444,0.25215295
12,30,561759,579758,0.08283333,0.30050841
13,0,26362,44361,0.06088889,0.25180082
13,1,44362,62361,0.16555556,0.43144746
13,2,62362,80361,0.29783333,0.64611297
13,3,80362,98361,0.61283333,1.08086476
13,4,98362,116361,0.99038889,1.71414600
13,5,116362,134361,0.89966667,1.58115285
13,6,134362,152361,0.93788889,1.60928831
13,7,152362,170361,1.10088889,1.82261695
13,8,170362,188361,1.18155556,1.81715095
13,9,188362,206361,0.99416667,1.33712767
13,10,206362,224361,0.79177778,1.20562531
13,11,224362,242361,0.89922222,1.36620295
13,12,242362,260361,0.94905556,1.36243825
13,13,260362,278361,0.81222222,1.12173752
13,14,278362,296361,0.98305556,1.36458850
13,15,296362,314361,1.03627778,1.71977567
13,16,314362,332361,1.00511111,1.63257686
13,17,332362,350361,0.78200000,1.29264088
13,18,350362,368361,0.80327778,1.39200907
13,19,368362,386361,0.40350000,0.82470128
13,20,386362,404361,0.51094444,0.95748060
13,21,404362,422361,0.45494444,0.94055126
13,22,422362,440361,0.39505556,0.82447828
13,23,440362,458361,0.33600000,0.70544990
13,24,458362,476361,0.34916667,0.74968466
13,25,476362,494361,0.40777778,0.81346007
13,26,494362,512361,0.34911111,0.70008673
13,27,512362,530361,0.28100000,0.55391044
13,28,530362,548361,0.30005556,0.67644495
13,29,548362,566361,0.23900000,0.54771353
13,30,566362,584361,0.15116667,0.41644497
13,31,584362,602361,0.09944444,0.31162606
