series,time_s,value,x_pixel,y_pixel
firefly_interval_ms,0.018,779.6639,136.12,241.75
firefly_interval_ms,0.994,762.5551,141.0,246.25
firefly_interval_ms,1.765,760.7899,144.86,246.71
firefly_interval_ms,2.772,773.6441,149.89,243.33
firefly_interval_ms,3.328,754.6344,152.67,248.33
firefly_interval_ms,4.036,765.0264,156.2,245.6
firefly_interval_ms,4.896,759.7037,160.5,247.0
firefly_interval_ms,5.53,769.2085,163.67,244.5
firefly_interval_ms,6.357,761.9848,167.8,246.4
firefly_interval_ms,7.158,777.1926,171.8,242.4
firefly_interval_ms,7.918,766.5472,175.6,245.2
firefly_interval_ms,8.839,720.1634,180.2,257.4
firefly_interval_ms,9.299,793.9212,182.5,238.0
firefly_interval_ms,10.033,781.8817,186.17,241.17
firefly_interval_ms,10.967,774.2778,190.83,243.17
firefly_interval_ms,11.841,784.7965,195.2,240.4
firefly_interval_ms,12.521,817.4933,198.6,231.8
firefly_interval_ms,13.502,778.7134,203.5,242.0
firefly_interval_ms,14.069,720.4168,206.33,257.33
firefly_interval_ms,14.722,823.5764,209.6,230.2
firefly_interval_ms,15.443,761.9848,213.2,246.4
firefly_interval_ms,16.404,761.6046,218.0,246.5
firefly_interval_ms,16.904,708.3773,220.5,260.5
firefly_interval_ms,17.764,792.4004,224.8,238.4
firefly_interval_ms,18.555,782.5154,228.75,241.0
firefly_interval_ms,19.572,767.73,233.83,244.89
firefly_interval_ms,20.829,770.6871,240.11,244.11
firefly_interval_ms,24.008,754.0007,256.0,248.5
firefly_interval_ms,25.132,757.6564,261.62,247.54
firefly_interval_ms,25.988,735.6246,265.89,253.33
firefly_interval_ms,26.93,798.4836,270.6,236.8
firefly_interval_ms,27.711,776.8124,274.5,242.5
firefly_interval_ms,28.251,723.2049,277.2,256.6
firefly_interval_ms,29.372,750.579,282.8,249.4
firefly_interval_ms,30.012,886.2543,286.0,213.71
firefly_interval_ms,30.573,760.464,288.8,246.8
firefly_interval_ms,31.513,757.8027,293.5,247.5
firefly_interval_ms,32.114,769.2085,296.5,244.5
firefly_interval_ms,32.814,742.5949,300.0,251.5
firefly_interval_ms,33.915,754.0007,305.5,248.5
firefly_interval_ms,34.437,772.3768,308.11,243.67
firefly_interval_ms,35.073,757.5311,311.29,247.57
firefly_interval_ms,35.873,765.135,315.29,245.57
firefly_interval_ms,36.717,750.1988,319.5,249.5
firefly_interval_ms,37.446,705.3901,323.14,261.29
firefly_interval_ms,38.218,774.9115,327.0,243.0
firefly_interval_ms,39.098,791.64,331.4,238.6
firefly_interval_ms,39.585,813.5646,333.83,232.83
firefly_interval_ms,40.339,809.8894,337.6,233.8
firefly_interval_ms,41.32,800.2578,342.5,236.33
firefly_interval_ms,42.12,833.8417,346.5,227.5
firefly_interval_ms,42.871,843.3466,350.25,225.0
firefly_interval_ms,43.621,822.4359,354.0,230.5
firefly_interval_ms,44.522,812.931,358.5,233.0
firefly_interval_ms,45.272,797.7232,362.25,237.0
firefly_interval_ms,46.023,795.8222,366.0,237.5
firefly_interval_ms,46.923,841.4456,370.5,225.5
firefly_interval_ms,49.505,699.6328,383.4,262.8
firefly_interval_ms,50.168,782.5154,386.71,241.0
firefly_interval_ms,50.892,848.4159,390.33,223.67
firefly_interval_ms,51.712,817.8192,394.43,231.71
firefly_interval_ms,52.627,700.7734,399.0,262.5
firefly_interval_ms,53.127,792.0202,401.5,238.5
firefly_interval_ms,54.068,803.0459,406.2,235.6
firefly_interval_ms,55.029,822.4359,411.0,230.5
firefly_interval_ms,55.696,928.2568,414.33,202.67
firefly_interval_ms,60.332,774.9115,437.5,243.0
firefly_interval_ms,61.157,715.0307,441.62,258.75
firefly_interval_ms,61.933,841.4456,445.5,225.5
firefly_interval_ms,64.168,707.7436,456.67,260.67
firefly_interval_ms,65.135,786.3173,461.5,240.0
firefly_interval_ms,66.002,855.3861,465.83,221.83
firefly_interval_ms,66.945,822.6087,470.55,230.45
firefly_interval_ms,68.537,858.5544,478.5,221.0
firefly_interval_ms,69.238,802.2855,482.0,235.8
firefly_interval_ms,69.738,826.2378,484.5,229.5
firefly_interval_ms,70.572,800.2578,488.67,236.33
firefly_interval_ms,71.439,794.8717,493.0,237.75
firefly_interval_ms,72.34,795.8222,497.5,237.5
firefly_interval_ms,73.174,800.2578,501.67,236.33
firefly_interval_ms,73.941,792.0202,505.5,238.5
firefly_interval_ms,75.078,810.8572,511.18,233.55
firefly_interval_ms,76.122,813.6914,516.4,232.8
firefly_interval_ms,77.043,856.6534,521.0,221.5
firefly_interval_ms,77.91,875.0295,525.33,216.67
firefly_interval_ms,78.911,849.6832,530.33,223.33
firefly_interval_ms,79.711,829.4061,534.33,228.67
firefly_interval_ms,80.245,812.931,537.0,233.0
firefly_interval_ms,81.145,816.7329,541.5,232.0
firefly_interval_ms,81.946,809.129,545.5,234.0
firefly_interval_ms,83.113,814.1983,551.33,232.67
firefly_interval_ms,83.487,795.442,553.2,237.6
firefly_interval_ms,84.347,818.6339,557.5,231.5
firefly_interval_ms,85.115,842.0793,561.33,225.33
firefly_interval_ms,85.928,892.0116,565.4,212.2
firefly_interval_ms,86.782,856.6534,569.67,221.5
firefly_interval_ms,88.15,841.4456,576.5,225.5
firefly_interval_ms,88.55,812.931,578.5,233.0
firefly_interval_ms,89.351,799.6241,582.5,236.5
firefly_interval_ms,89.951,862.3563,585.5,220.0
firefly_interval_ms,91.052,734.1763,591.0,253.71
firefly_interval_ms,91.719,804.0598,594.33,235.33
firefly_interval_ms,92.753,803.4261,599.5,235.5
firefly_interval_ms,93.587,845.8812,603.67,224.33
firefly_interval_ms,94.154,894.6729,606.5,211.5
firefly_interval_ms,95.154,934.5934,611.5,201.0
firefly_interval_ms,95.975,775.6718,615.6,242.8
firefly_interval_ms,96.755,875.0295,619.5,216.67
firefly_interval_ms,97.523,743.2285,623.33,251.33
firefly_interval_ms,98.256,795.8222,627.0,237.5
firefly_interval_ms,99.107,805.3271,631.25,235.0
firefly_interval_ms,99.807,790.1193,634.75,239.0
firefly_interval_ms,100.801,790.1193,639.71,239.0
firefly_interval_ms,101.559,803.4261,643.5,235.5
firefly_interval_ms,102.259,837.6437,647.0,226.5
firefly_interval_ms,102.939,819.7745,650.4,231.2
firefly_interval_ms,103.927,842.0793,655.33,225.33
firefly_interval_ms,104.901,852.4713,660.2,222.6
firefly_interval_ms,105.461,837.6437,663.0,226.5
firefly_interval_ms,106.528,821.8022,668.33,230.67
firefly_interval_ms,107.663,800.8915,674.0,236.17
firefly_interval_ms,108.703,792.4004,679.2,238.4
firefly_interval_ms,109.664,799.6241,684.0,236.5
firefly_interval_ms,110.564,792.0202,688.5,238.5
firefly_interval_ms,111.696,791.2891,694.15,238.69
firefly_interval_ms,112.946,809.8894,700.4,233.8
firefly_interval_ms,113.366,826.2378,702.5,229.5
firefly_interval_ms,114.117,842.3961,706.25,225.25
firefly_interval_ms,115.134,838.2773,711.33,226.33
firefly_interval_ms,116.035,859.188,715.83,220.83
firefly_interval_ms,116.802,833.208,719.67,227.67
firefly_interval_ms,117.536,800.2578,723.33,236.33
firefly_interval_ms,118.47,803.4261,728.0,235.5
firefly_interval_ms,119.27,803.4261,732.0,235.5
firefly_interval_ms,120.021,796.7727,735.75,237.25
firefly_interval_ms,120.871,809.129,740.0,234.0
firefly_interval_ms,121.672,803.4261,744.0,235.5
firefly_interval_ms,122.672,795.8222,749.0,237.5
firefly_interval_ms,123.006,815.4656,750.67,232.33
firefly_interval_ms,123.833,847.9089,754.8,223.8
firefly_interval_ms,124.593,888.2096,758.6,213.2
firefly_interval_ms,125.641,856.0198,763.83,221.67
firefly_interval_ms,126.575,837.6437,768.5,226.5
pacer_interval_ms,-0.14,772.3422,135.33,134.5
pacer_interval_ms,8.424,773.4085,178.13,134.22
pacer_interval_ms,9.974,774.7004,185.88,133.88
pacer_interval_ms,11.291,772.5137,192.45,134.45
pacer_interval_ms,12.651,775.4079,199.25,133.69
pacer_interval_ms,13.827,773.7571,205.12,134.12
pacer_interval_ms,19.148,774.9025,231.71,133.82
pacer_interval_ms,20.864,778.5409,240.29,132.86
pacer_interval_ms,28.955,755.3631,280.71,139.0
pacer_interval_ms,30.613,755.3631,289.0,139.0
pacer_interval_ms,31.293,748.5714,292.4,140.8
pacer_interval_ms,33.084,751.918,301.35,139.91
pacer_interval_ms,34.855,753.0992,310.2,139.6
pacer_interval_ms,35.766,759.1362,314.75,138.0
pacer_interval_ms,36.416,753.4765,318.0,139.5
pacer_interval_ms,37.586,756.8143,323.85,138.62
pacer_interval_ms,38.418,751.5899,328.0,140.0
pacer_interval_ms,39.258,750.0807,332.2,140.4
pacer_interval_ms,40.086,757.8785,336.33,138.33
pacer_interval_ms,40.686,752.8477,339.33,139.67
pacer_interval_ms,41.38,750.0807,342.8,140.4
pacer_interval_ms,42.087,752.8477,346.33,139.67
pacer_interval_ms,43.021,757.2496,351.0,138.5
pacer_interval_ms,43.781,756.8723,354.8,138.6
pacer_interval_ms,44.522,749.7034,358.5,140.5
pacer_interval_ms,45.792,756.524,364.85,138.69
pacer_interval_ms,47.157,752.4284,371.67,139.78
pacer_interval_ms,48.64,750.7192,379.08,140.23
pacer_interval_ms,50.37,753.0573,387.72,139.61
pacer_interval_ms,51.776,751.5899,394.75,140.0
pacer_interval_ms,52.587,753.0992,398.8,139.6
pacer_interval_ms,54.175,754.1054,406.73,139.33
pacer_interval_ms,56.441,750.2582,418.06,140.35
pacer_interval_ms,58.32,749.0745,427.44,140.67
pacer_interval_ms,59.876,749.4938,435.22,140.56
pacer_interval_ms,60.899,754.1054,440.33,139.33
pacer_interval_ms,61.633,753.4765,444.0,139.5
pacer_interval_ms,62.533,753.4765,448.5,139.5
pacer_interval_ms,63.689,749.8749,454.27,140.45
pacer_interval_ms,64.735,753.4765,459.5,139.5
pacer_interval_ms,65.735,753.4765,464.5,139.5
pacer_interval_ms,66.769,749.0745,469.67,140.67
pacer_interval_ms,67.903,754.1054,475.33,139.33
pacer_interval_ms,69.416,755.7823,482.89,138.89
pacer_interval_ms,70.705,750.3322,489.33,140.33
pacer_interval_ms,71.372,757.8785,492.67,138.33
pacer_interval_ms,72.506,755.3631,498.33,139.0
pacer_interval_ms,73.707,752.8477,504.33,139.67
pacer_interval_ms,74.341,761.0228,507.5,137.5
pacer_interval_ms,75.342,755.3631,512.5,139.0
pacer_interval_ms,77.068,754.6556,521.12,139.19
pacer_interval_ms,79.328,752.3843,532.42,139.79
pacer_interval_ms,81.229,756.6208,541.92,138.67
pacer_interval_ms,83.176,754.0314,551.65,139.35
pacer_interval_ms,84.548,761.0228,558.5,137.5
pacer_interval_ms,85.408,753.0992,562.8,139.6
pacer_interval_ms,86.115,750.3322,566.33,140.33
pacer_interval_ms,87.625,755.3631,573.88,139.0
pacer_interval_ms,89.117,760.3939,581.33,137.67
pacer_interval_ms,90.111,756.8723,586.3,138.6
pacer_interval_ms,91.152,755.3631,591.5,139.0
pacer_interval_ms,91.852,758.1929,595.0,138.25
pacer_interval_ms,92.653,755.3631,599.0,139.0
pacer_interval_ms,93.92,756.6208,605.33,138.67
pacer_interval_ms,95.335,753.8538,612.4,139.4
pacer_interval_ms,96.415,756.8723,617.8,138.6
pacer_interval_ms,103.26,757.2496,652.0,138.5
pacer_interval_ms,103.993,750.3322,655.67,140.33
pacer_interval_ms,104.561,757.2496,658.5,138.5
pacer_interval_ms,105.501,753.0992,663.2,139.6
pacer_interval_ms,106.262,757.2496,667.0,138.5
pacer_interval_ms,107.162,752.8477,671.5,139.67
pacer_interval_ms,107.783,759.8908,674.6,137.8
pacer_interval_ms,108.863,753.2669,680.0,139.56
pacer_interval_ms,110.337,758.7932,687.36,138.09
pacer_interval_ms,112.15,754.7673,696.42,139.16
pacer_interval_ms,114.619,757.476,708.76,138.44
pacer_interval_ms,116.668,761.0228,719.0,137.5
pacer_interval_ms,117.742,754.334,724.36,139.27
pacer_interval_ms,120.016,759.4792,735.73,137.91
pacer_interval_ms,121.521,758.1929,743.25,138.25
phase_cycles,0.553,0.0744,138.8,410.6
phase_cycles,1.434,0.0744,143.2,410.6
phase_cycles,2.094,0.0627,146.5,408.0
phase_cycles,3.128,0.0732,151.67,410.33
phase_cycles,4.322,0.0535,157.63,405.95
phase_cycles,6.237,0.0439,167.2,403.8
phase_cycles,7.698,0.0403,174.5,403.0
phase_cycles,9.266,-0.0105,182.33,391.67
phase_cycles,9.499,0.0022,183.5,394.5
phase_cycles,10.36,0.0027,187.8,394.6
phase_cycles,11.761,0.0093,194.8,396.07
phase_cycles,13.101,0.0538,201.5,406.0
phase_cycles,13.902,0.0583,205.5,407.0
phase_cycles,14.402,0.0112,208.0,396.5
phase_cycles,15.653,0.0647,214.25,408.44
phase_cycles,16.654,0.0527,219.25,405.75
phase_cycles,17.304,-0.0075,222.5,392.33
phase_cycles,18.105,0.0022,226.5,394.5
phase_cycles,19.005,0.009,231.0,396.0
phase_cycles,19.952,-0.006,235.73,392.67
phase_cycles,21.407,-0.0157,243.0,390.5
phase_cycles,21.95,-0.0019,245.71,393.57
phase_cycles,22.908,0.0112,250.5,396.5
phase_cycles,23.408,0.0325,253.0,401.25
phase_cycles,24.249,0.0341,257.2,401.6
phase_cycles,24.952,0.4712,260.71,499.14
phase_cycles,25.009,0.0471,261.0,404.5
phase_cycles,25.97,0.043,265.8,403.6
phase_cycles,26.53,-0.0394,268.6,385.2
phase_cycles,26.677,0.0284,269.33,400.33
phase_cycles,27.361,-0.0224,272.75,389.0
phase_cycles,27.411,0.0659,273.0,408.71
phase_cycles,28.211,0.0919,277.0,414.5
phase_cycles,28.268,-0.0583,277.29,381.0
phase_cycles,28.972,0.0556,280.8,406.4
phase_cycles,29.112,-0.0247,281.5,388.5
phase_cycles,29.745,0.0508,284.67,405.33
phase_cycles,29.892,-0.0143,285.4,390.8
phase_cycles,30.613,0.177,289.0,433.5
phase_cycles,31.48,0.1897,293.33,436.33
phase_cycles,32.214,0.195,297.0,437.5
phase_cycles,32.747,0.2136,299.67,441.67
phase_cycles,33.715,0.2062,304.5,440.0
phase_cycles,34.315,0.2174,307.5,442.5
phase_cycles,35.016,0.2353,311.0,446.5
phase_cycles,36.016,0.2465,316.0,449.0
phase_cycles,36.537,0.268,318.6,453.8
phase_cycles,37.577,0.2626,323.8,452.6
phase_cycles,37.917,0.2263,325.5,444.5
phase_cycles,38.918,0.2465,330.5,449.0
phase_cycles,39.676,0.2824,334.29,457.0
phase_cycles,39.952,-0.366,335.67,312.33
phase_cycles,40.259,0.3433,337.2,470.6
phase_cycles,40.686,-0.3122,339.33,324.33
phase_cycles,40.919,0.3922,340.5,481.5
phase_cycles,41.553,-0.3257,343.67,321.33
phase_cycles,42.18,-0.2214,346.8,344.6
phase_cycles,42.821,-0.2095,350.0,347.25
phase_cycles,43.581,-0.1237,353.8,366.4
phase_cycles,44.572,-0.0045,358.75,393.0
phase_cycles,45.289,-0.0105,362.33,391.67
phase_cycles,46.223,0.0381,367.0,402.5
phase_cycles,46.623,0.084,369.0,412.75
phase_cycles,47.657,0.1651,374.17,430.83
phase_cycles,49.925,0.1703,385.5,432.0
phase_cycles,50.466,0.471,388.2,499.1
phase_cycles,50.666,0.19,389.2,436.4
phase_cycles,51.426,0.2891,393.0,458.5
phase_cycles,52.16,0.3615,396.67,474.67
phase_cycles,52.484,-0.3541,398.29,315.0
phase_cycles,53.307,0.3146,402.4,464.2
phase_cycles,53.542,0.3618,403.57,474.71
phase_cycles,54.161,-0.3018,406.67,326.67
phase_cycles,54.728,-0.2577,409.5,336.5
phase_cycles,55.696,-0.257,414.33,336.67
phase_cycles,56.529,-0.0874,418.5,374.5
phase_cycles,61.192,0.1864,441.8,435.6
phase_cycles,61.633,0.1546,444.0,428.5
phase_cycles,62.533,0.2398,448.5,447.5
phase_cycles,64.735,0.2644,459.5,453.0
phase_cycles,65.876,0.2985,465.2,460.6
phase_cycles,66.736,-0.3092,469.5,325.0
phase_cycles,67.303,-0.2585,472.33,336.33
phase_cycles,68.237,-0.186,477.0,352.5
phase_cycles,68.971,-0.0971,480.67,372.33
phase_cycles,69.838,-0.0471,485.0,383.5
phase_cycles,70.305,0.0149,487.33,397.33
phase_cycles,71.159,0.0681,491.6,409.2
phase_cycles,71.939,0.1031,495.5,417.0
phase_cycles,73.174,0.1404,501.67,425.33
phase_cycles,73.707,0.1867,504.33,435.67
phase_cycles,74.481,0.2259,508.2,444.4
phase_cycles,75.282,0.4684,512.2,498.5
phase_cycles,75.442,0.2812,513.0,456.75
phase_cycles,75.762,-0.3756,514.6,310.2
phase_cycles,75.942,0.3249,515.5,466.5
phase_cycles,76.642,-0.3317,519.0,320.0
phase_cycles,76.843,0.3787,520.0,478.5
phase_cycles,76.976,-0.2794,520.67,331.67
phase_cycles,77.943,-0.1838,525.5,353.0
phase_cycles,78.544,-0.074,528.5,377.5
phase_cycles,79.311,0.0149,532.33,397.33
phase_cycles,80.395,0.0269,537.75,400.0
phase_cycles,81.085,0.0869,541.2,413.4
phase_cycles,81.946,0.1434,545.5,426.0
phase_cycles,82.846,0.195,550.0,437.5
phase_cycles,83.847,0.2532,555.0,450.5
phase_cycles,84.314,0.2973,557.33,460.33
phase_cycles,84.748,-0.3473,559.5,316.5
phase_cycles,85.128,0.3621,561.4,474.8
phase_cycles,85.408,-0.2985,562.8,327.4
phase_cycles,86.182,-0.2136,566.67,346.33
phase_cycles,86.929,-0.0798,570.4,376.2
phase_cycles,87.916,0.012,575.33,396.67
phase_cycles,88.65,0.0269,579.0,400.0
phase_cycles,89.184,0.0822,581.67,412.33
phase_cycles,90.251,0.1322,587.0,423.5
phase_cycles,91.152,0.2375,591.5,447.0
phase_cycles,91.652,0.2174,594.0,442.5
phase_cycles,92.453,0.2577,598.0,451.5
phase_cycles,93.333,0.3101,602.4,463.2
phase_cycles,94.454,-0.316,608.0,323.5
phase_cycles,95.154,-0.1188,611.5,367.5
phase_cycles,95.788,-0.0149,614.67,390.67
phase_cycles,96.695,-0.0027,619.2,393.4
phase_cycles,97.576,0.1129,623.6,419.2
phase_cycles,98.557,0.1008,628.5,416.5
phase_cycles,99.157,0.1479,631.5,427.0
phase_cycles,99.724,0.1897,634.33,436.33
phase_cycles,99.807,0.47,634.75,498.88
phase_cycles,100.958,0.2226,640.5,443.67
phase_cycles,101.759,0.251,644.5,450.0
phase_cycles,102.126,0.3025,646.33,461.5
phase_cycles,102.899,-0.3514,650.2,315.6
phase_cycles,103.06,-0.2779,651.0,332.0
phase_cycles,103.16,0.378,651.5,478.33
phase_cycles,104.194,-0.2263,656.67,343.5
phase_cycles,104.994,-0.136,660.67,363.67
phase_cycles,105.661,-0.0448,664.0,384.0
phase_cycles,106.582,-0.035,668.6,386.2
phase_cycles,107.162,0.0202,671.5,398.5
phase_cycles,108.183,0.0708,676.6,409.8
phase_cycles,109.013,0.1076,680.75,418.0
phase_cycles,109.504,0.1416,683.2,425.6
phase_cycles,110.398,0.1808,687.67,434.33
phase_cycles,111.185,0.2187,691.6,442.8
phase_cycles,111.665,0.2443,694.0,448.5
phase_cycles,112.946,0.2859,700.4,457.8
phase_cycles,113.166,-0.3608,701.5,313.5
phase_cycles,113.817,-0.3126,704.75,324.25
phase_cycles,113.892,0.3322,705.12,468.12
phase_cycles,114.6,-0.257,708.67,336.67
phase_cycles,115.167,-0.2331,711.5,342.0
phase_cycles,116.268,-0.1098,717.0,369.5
phase_cycles,116.768,-0.0157,719.5,390.5
phase_cycles,117.789,-0.0009,724.6,393.8
phase_cycles,118.57,0.0471,728.5,404.5
phase_cycles,119.37,0.1008,732.5,416.5
phase_cycles,120.004,0.1374,735.67,424.67
phase_cycles,121.205,0.1763,741.67,433.33
phase_cycles,121.772,0.2151,744.5,442.0
phase_cycles,122.372,0.2577,747.5,451.5
phase_cycles,123.623,0.2902,753.75,458.75
phase_cycles,123.673,-0.3553,754.0,314.71
phase_cycles,123.873,0.3496,755.0,472.0
phase_cycles,124.273,-0.3059,757.0,325.75
phase_cycles,124.384,0.4671,757.56,498.22
phase_cycles,124.974,-0.2846,760.5,330.5
phase_cycles,126.141,-0.1046,766.33,370.67
phase_cycles,126.708,-0.0097,769.17,391.83
