2.83889424798971,12.8340046764484,-3.14463724549503,317486
2.83667812822191,12.8307896544018,-3.14462607227057,317487
2.84025915090635,12.8509974616672,-3.14824217098434,317488
2.73219328269719,12.8479540077979,-3.16277000519406,317518
2.72572435425283,12.8494901164744,-3.1643627270345,317519
2.71790375264893,12.8442898950994,-3.16576661017817,317520
2.711557460796,12.8444091122273,-3.16739802264669,317521
2.70399284348417,12.8416618818803,-3.16878187819486,317522
2.69529175193823,12.8376425803338,-3.17150119851368,317523
2.68485591281518,12.8672333837021,-3.18277049535816,317524
-3.28927251392384,24.4128991611441,2.4167203031358,317701
-3.2679398886351,24.3957661656135,2.41489923210181,317702
-3.25574871999227,24.4056622187979,2.41389581939795,317703
-3.24441162026382,24.410852124406,2.41409335199538,317704
-3.23213634832093,24.3938749380024,2.40928725679394,317705
-2.82349021230148,24.3008324354773,2.40269317061863,317733
-2.80997141675647,24.278290260988,2.40755233922365,317734
-2.75417829578326,24.1997165246374,2.39032262816786,317737
-2.74853171513953,24.2327041814966,2.3968599961344,317738
-2.73219907105276,24.2286611675455,2.39945459616127,317739
-2.6884056450843,24.2121895264768,2.40235734211776,317742
-2.30122693277109,24.1448196474851,2.34507986163602,317768
-2.28382031692449,24.1125977575627,2.33845370759604,317769
-2.26456525110312,24.084380702285,2.32976984227465,317770
-2.25332689217637,24.0851061977091,2.32486215856581,317771
-2.23834571441065,24.0835151908446,2.32143904881479,317772
-2.23072308888605,24.1116352494853,2.31793339883059,317773
-2.21182149355407,24.0777525590325,2.31177257903993,317774
-2.20012243629084,24.0816176482158,2.30707003026249,317775
-2.18963991018402,24.0862996728629,2.29950776967056,317776
-2.17807212218464,24.0830006969061,2.29582409021205,317777
-1.7682355675755,23.9531073358258,2.13961318484986,317805
-1.75791182182437,23.9580362168757,2.13577753307194,317806
-1.74268567984078,23.9491445024229,2.13219496842893,317807
-1.72683465663979,23.9254275685941,2.12855892875679,317808
-1.71571987142535,23.9104022329279,2.12667022496993,317809
-1.70336269818724,23.9063922442971,2.12471094330043,317810
-1.69182179561654,23.8988260516053,2.11941997125772,317811
-1.68328253468893,23.910841518419,2.11558838170558,317812
-1.67438150156802,23.936088539755,2.11566277219192,317813
-1.16486263940243,24.2013729819246,1.85147146748532,317880
-1.16285315373886,24.2079027179574,1.84929087281693,317881
-1.15884200270263,24.211945257116,1.84770249911481,317882
-1.1580125844591,24.2386679502297,1.84860268539506,317883
-1.14762149535011,24.2115034910932,1.84291738336381,317884
-0.00289828958546774,23.0514881416948,1.61689858503303,318410
0.0195866183282356,23.0477748230517,1.61751007574206,318411
0.0385547511176245,22.9825907710457,1.61138766496603,318412
0.0576231756817841,23.0135546768581,1.60900518921829,318413
0.0757227448254218,23.0076250532809,1.60432544714433,318414
0.0944947595596673,22.9713244391399,1.59429018879292,318415
0.119415053385523,22.9524687681229,1.58559817490387,318416
-0.953471025535104,9.47179825459915,-2.24734921769889,318431
-0.948440285295186,9.46867179839127,-2.24568735843134,318432
-0.951996191743154,9.47478945020054,-2.24848024571712,318433
-0.949202455914095,9.4696144238177,-2.24707593876745,318434
-0.950149321226317,9.47224056229192,-2.2481980254375,318435
-0.951343329585394,9.47061065258741,-2.2479011846385,318436
-0.953162801842929,9.47495139566112,-2.24852510603204,318437
0.707370675566381,22.6744863764395,1.37503709965963,318445
0.7213269532153,22.6993432636533,1.36397624183717,318446
0.73505539331445,22.6831655541021,1.35680483160839,318447
0.747963463886905,22.6544981372597,1.34890742634716,318448
0.760939979025247,22.6640327851213,1.34193408968196,318449
0.774819433262307,22.6343301819792,1.33346868752524,318450
0.785155516161722,22.6399851249448,1.32542917546684,318451
0.798359166034353,22.6285629747481,1.31820665464359,318452
0.809790553548115,22.6170449952204,1.30489122272337,318453
-0.94554195419916,9.4859947971765,-2.24944887086154,318465
-0.945852564040543,9.48839846441184,-2.24864121733336,318466
-0.945789509691313,9.49132349582309,-2.25029311131345,318467
-0.944369021988681,9.48874620985968,-2.24915516621707,318468
-0.944895295421393,9.48990108629019,-2.24937203695652,318469
-0.943930928968116,9.48863964225852,-2.24961149068695,318470
-0.943397005478913,9.48986114147153,-2.25011791479125,318471
-0.942983696351883,9.48958371620039,-2.25004586105084,318472
-0.944298545716602,9.48741522309807,-2.24952730463091,318473
-0.945962506457604,9.49184494781981,-2.25309132367079,318474
-0.943086222563158,9.48760066647689,-2.25464505419654,318501
-0.941647773123294,9.48964304132932,-2.25416038348703,318502
-0.940455288613174,9.48573495603193,-2.25195955930206,318503
-0.940217609715835,9.48464734311676,-2.25218214024202,318504
-0.941151766455861,9.48608172988079,-2.25219498614687,318505
-0.941353995311462,9.48395678821548,-2.25157421149539,318506
-0.944408345975504,9.49039837518101,-2.25290879533895,318507
-0.944918184909952,9.48880759563531,-2.25220367585469,318508
-0.952277225106496,9.4743728325612,-2.24683247863758,318539
-0.952639118444205,9.47326673439048,-2.24490998203651,318540
-0.953300219771462,9.47431103598127,-2.24524591146778,318541
-0.953679244758023,9.4744568988851,-2.24464484106869,318542
-0.95433431581948,9.47474679908888,-2.24501964244989,318543
-0.952329723061499,9.47007958854363,-2.24570125555555,318544
0.807758760586295,20.9161899377108,0.160648735340056,318560
0.804663461964941,20.9000286658324,0.148814097465937,318561
0.80214517952095,20.8945242471039,0.132560728235277,318562
0.794398979131961,20.8528541880458,0.114226004973025,318564
0.791924650143185,20.834528237558,0.101654305976392,318565
0.656915370319488,20.5836451186307,-0.267316500386567,318595
0.637900977513481,20.6243711573908,-0.296191676705977,318597
0.633281090644053,20.4044984455493,-0.488316902135596,318629
0.637630318168115,20.4185340043381,-0.495374203923692,318630
0.639800453413169,20.427509187593,-0.506275971134355,318631
0.644916375834632,20.4160236524294,-0.497952407413909,318632
0.644434364807622,20.4625175571856,-0.515628334115081,318633
1.45156215622749,18.4533773341641,-0.966027306881064,319162
1.46162147967681,18.4471646872495,-0.979041199647607,319163
1.47178022751864,18.4261956014895,-0.991368914594781,319164
1.47895625045235,18.4208953798251,-1.00184308881383,319165
1.49056156131876,18.3952692533026,-1.01290134127622,319166
1.50032376056171,18.3837292488068,-1.02045369646451,319167
1.62546626735099,18.1355746506159,-1.05738926379402,319188
1.62319648267188,18.1140434159986,-1.05836466721069,319189
1.61568105019069,18.0991245516441,-1.0558561769252,319192
1.61387677802766,18.0975589132949,-1.05676163460431,319193
1.61243895373996,18.0963852073175,-1.05800827124274,319194
1.61045792099913,18.0895226766796,-1.05795008651648,319195
1.60963359176694,18.0896845483262,-1.05839700866375,319196
1.60717528721911,18.0798265283688,-1.05857682987278,319197
1.60414166949303,18.083042036303,-1.05902700616367,319198
1.60218439923896,18.0823532196455,-1.05993615395686,319199
1.59989586788698,18.0688446838861,-1.05751774476315,319200
1.59685553523139,18.0466960428927,-1.05068080626629,319201
1.65560129070626,17.9219904964629,-1.05926680734669,319227
1.65296085517765,17.9082392441652,-1.06062635069487,319228
1.65133913782443,17.8973406236162,-1.05952154928856,319229
1.64930207992868,17.8948177652845,-1.06070508814828,319230
1.64773295143473,17.8891486005337,-1.06028795890479,319231
1.64741858156988,17.8794048871744,-1.06051771364617,319232
1.6446613442596,17.8781953515448,-1.06059823703961,319233
1.64351593221963,17.8716518209465,-1.06038712273535,319234
1.6428736167225,17.8651206491233,-1.06154220451151,319235
1.64333193095178,17.8520423330274,-1.06092197368599,319236
1.71998824668923,17.6963527225422,-1.06227443399006,319263
1.71999865284178,17.6866088243602,-1.06266801693587,319264
1.71940360352271,17.6785509106386,-1.06222232752441,319265
1.71917761367699,17.6675345119652,-1.06164008582164,319266
1.71967226526248,17.6625360960818,-1.06072161298261,319267
1.72000534089654,17.6578213751994,-1.05928709639865,319268
1.72001138838692,17.6441106530896,-1.05738532835749,319269
1.71943947852352,17.6363124560762,-1.05665758478997,319270
1.71909231614333,17.6261102951003,-1.05711607069618,319271
1.71919317240203,17.6083558919073,-1.05337085094435,319272
1.79026009926117,17.4514790383976,-1.15672685259645,319298
1.78909347962437,17.4427702992637,-1.16329216337449,319299
1.78921337837697,17.4339065749953,-1.16896700395093,319300
1.78796844218388,17.4236416679226,-1.17474411792785,319301
1.78607590002204,17.4119111850381,-1.1805848724026,319302
1.78310785588757,17.3911607270668,-1.18566562375144,319303
1.78036568597871,17.3802634862736,-1.18984712274227,319304
1.77690513000354,17.3643033571741,-1.19436907698641,319305
1.77348872199958,17.3430479093864,-1.19776398424175,319306
1.77092111708161,17.3295992369656,-1.20284365609233,319307
1.60675780912924,17.0422685111219,-1.33640286733534,319337
1.60220884846754,17.0453457619052,-1.3422126921331,319338
1.59738009347362,17.0446271733696,-1.34479647003089,319339
1.59144005507966,17.0393316578719,-1.34806977302658,319340
1.58664313063256,17.0370464078291,-1.35112203443788,319341
1.58138686107979,17.0312026213953,-1.35341981558719,319342
1.57562824745433,17.0250072922946,-1.35665394972125,319343
1.5711225577452,17.0193947629814,-1.35914461319917,319344
1.56172023510522,17.0306106124644,-1.36123513874463,319345
1.48037303366653,16.9469388307265,-1.43099512044793,319373
1.47627365005662,16.9600642890647,-1.43370666914973,319374
1.47290260656423,16.9611923163161,-1.43593096665521,319375
1.46637370829181,16.961293424213,-1.43553619892224,319376
1.4607286863832,16.9618679504438,-1.43793269682057,319377
1.45393551199604,16.9598461449096,-1.44411474056641,319378
1.06978423744122,15.3493656338032,-2.26338261248046,319922
1.08139118329764,15.3630502433803,-2.26503247529028,319923
1.09560937336777,15.3614074057539,-2.26533560978299,319924
1.10627775166484,15.3626907427287,-2.26571560083754,319925
1.11951054346115,15.3607671084873,-2.26596571237252,319926
1.13197718185679,15.3520944872064,-2.26624873159925,319927
1.14524494854966,15.3552959236997,-2.26774710822754,319928
1.15639976478804,15.3537706345481,-2.2690209727091,319929
1.50835180655957,15.3513744557792,-2.39543661234895,319958
1.52225697448087,15.3625665040319,-2.40268195789635,319959
1.54086008698688,15.3605674625155,-2.40517545584845,319960
1.5559943906437,15.3678423549811,-2.40946523479653,319961
1.57198462823078,15.3713182786522,-2.41418379549699,319962
1.58541668192407,15.3733579970749,-2.42056144950867,319963
1.60212246314385,15.366455220608,-2.41947363840706,319964
1.96620872174525,15.3194762169396,-2.53351788649592,319992
1.98072478139934,15.3151772785338,-2.53242160028878,319993
1.99528984469183,15.3086105436835,-2.53032442634129,319994
2.00967659468695,15.3082599431769,-2.53113831540103,319995
2.02460619316228,15.3030647039248,-2.52952617778774,319996
2.03896355128328,15.3045487313556,-2.52888881830797,319997
2.05162458450533,15.3028056206017,-2.52820643783439,319998
2.06431020249796,15.3025350058639,-2.52737349195988,319999
2.07547756938577,15.3012829211264,-2.52788122523613,320000
2.09006139273321,15.284276463168,-2.52349736699028,320001
-0.950945088974845,9.4804282443712,-2.25024626231376,320024
-0.951826298659816,9.47948033952341,-2.25032996604105,320025
-0.950920661277504,9.47980726708595,-2.24985115335999,320026
-0.951758861986054,9.48180015493063,-2.25133141129432,320027
2.28769813906371,15.2616240497615,-2.53990353814506,320027
-0.954665908218745,9.48356308596167,-2.25157905381709,320028
2.29459150846979,15.2585927566431,-2.54003428849276,320028
2.30226238999775,15.2505067289638,-2.53820904633124,320029
0.268884081305443,11.4596504430643,-2.70961945666234,320030
2.30917559146065,15.2483060157841,-2.5374193587742,320030
0.270241631091226,11.4633300663815,-2.70984544059857,320031
2.315844756319,15.2377477176081,-2.53525338988758,320031
0.269841223889259,11.4644282070388,-2.7097600955487,320032
2.32164449666494,15.2381359358822,-2.53474767706536,320032
0.270516789222973,11.4650430746981,-2.71090333260064,320033
2.32830695240719,15.2276150532568,-2.53257711423612,320033
2.33399366241479,15.2203569120269,-2.53171655280846,320034
2.33935884891469,15.2162951120565,-2.53092552570769,320035
2.34633163551182,15.2162604109034,-2.53066681280585,320036
0.270184070449776,11.4667516386025,-2.70959589325719,320062
2.437146435555,15.2013793214618,-2.53447538260726,320062
-0.959180329860863,9.49412893125719,-2.25367168235706,320063
0.270435365466613,11.4725423358256,-2.71129258971535,320063
2.44009446753748,15.1978389393276,-2.53353280653423,320063
0.27025759780232,11.4702894748015,-2.71115538715317,320064
2.44221250393715,15.2024725323168,-2.53384457095928,320064
0.270362692277156,11.4727777837354,-2.7118667608093,320065
2.44444122716212,15.1997615977569,-2.53362823068868,320065
0.270611632788435,11.4686644224479,-2.71064590588058,320066
2.44579873274472,15.189610718591,-2.53163455002183,320066
0.271773151295435,11.4653280482521,-2.7093897715816,320067
2.44777796425531,15.1973913301683,-2.53218117110699,320067
2.44941391300028,15.1935895107529,-2.530699780919,320068
2.4510781393173,15.1957480056906,-2.53111070295839,320069
2.4531173246469,15.1896379755648,-2.5303380926476,320070
2.45263107606104,15.1830376825907,-2.52801290235463,320071
0.268477340439553,11.4634741516383,-2.70879979474138,320098
0.269841990228638,11.4639095332355,-2.71036834655666,320099
0.270171787303693,11.4632621538322,-2.71004789209405,320100
0.268752475615505,11.4682268259913,-2.71130140673264,320101
0.271686135588174,11.4634224286844,-2.70917744063202,320102
0.268832331049205,11.461131862674,-2.70821486453007,320103
0.269728267211067,11.451402789693,-2.70278333270333,320134
0.270508467821848,11.4699167736358,-2.71134038664084,320135
0.270120872059242,11.4627273184304,-2.70816368329904,320136
0.270074099538271,11.4626884545116,-2.70835259551684,320137
0.271371964824311,11.4614265472331,-2.70858739944847,320138
0.2718885713164,11.4682794284871,-2.71059417533972,320139
1.48487387493001,14.4414513539324,-2.4209539141059,320596
1.48598562765267,14.4421711848333,-2.41813973730994,320597
1.4869707022207,14.4423407979655,-2.41596780506883,320598
1.48760155380923,14.4453029212895,-2.41607895045526,320599
1.48774083874582,14.4387138326182,-2.4127652040233,320600
1.48939351447036,14.4418038019841,-2.41061967662355,320601
1.48994079462991,14.450096347309,-2.40850110642385,320602
1.50022469375841,14.4324853914894,-2.38645758217502,320624
1.49962394670134,14.4496960624162,-2.38850068856723,320625
1.49894041572834,14.4467149976841,-2.38717099121612,320626
1.49784763412445,14.4440496943743,-2.38760507588641,320627
1.49701748822595,14.4423290433375,-2.38754213536061,320628
1.49616793070069,14.4366728014524,-2.38652707859387,320629
1.49414817881881,14.4412428589847,-2.38732820166882,320630
1.4921245175423,14.4405353393742,-2.38861809869681,320631
1.49115913850499,14.4313649582098,-2.38676742155953,320632
1.48696936043365,14.4293094294476,-2.38870086593303,320633
1.36037101784257,14.3653167146137,-2.43356408020962,320660
1.35264424711324,14.3459696598758,-2.43418809265108,320661
1.3474922111116,14.3541362767304,-2.43833003648848,320662
1.34279839532414,14.3462080850603,-2.43965263749335,320663
1.33801615114314,14.3439394441247,-2.44156914674145,320664
1.33136603606262,14.3501123867114,-2.44815837130564,320665
0.248137722999137,10.450656556384,-2.52074023660083,320682
0.242032808720469,10.4650733387927,-2.52250275811019,320683
0.240552652855247,10.4655157785695,-2.52060275471056,320684
0.23571086769336,10.4721583588385,-2.52002204051138,320685
0.228071026619525,10.4763511761337,-2.51937705460565,320686
1.2084434599046,14.2400193443906,-2.56259279602368,320698
1.2090290946891,14.2292004798611,-2.55040352734232,320699
1.20470294204596,14.2237190147228,-2.56175446007936,320700
1.20003826473029,14.2083458866036,-2.56700429989424,320701
1.19659070547912,14.2024086269174,-2.57240029729124,320702
1.18613935162034,14.2058986645672,-2.57586183063262,320704
1.18146539384037,14.1999296988571,-2.57589148944629,320705
1.17643111780344,14.1912137876861,-2.58047305104358,320706
1.17576950590392,14.1846829777265,-2.58191774154306,320707
0.091996369795226,10.6083366184299,-2.47787266423167,320717
0.0879843494587632,10.6074423816611,-2.47672980087745,320718
0.0843005383510427,10.6135240219987,-2.47754692388204,320719
0.0796814375063163,10.6170926996344,-2.47698556940661,320720
0.0756107623116173,10.6152530651677,-2.47403457457857,320721
1.08494344080117,14.0884032868627,-2.64720175884421,320734
1.08321205255592,14.0943439667806,-2.64834698090567,320735
1.08138762888042,14.0948838243589,-2.65083017587169,320736
1.07757199055398,14.0934571058124,-2.65286126357995,320737
1.07618592977023,14.0920746324218,-2.65399545975703,320738
1.07353223718454,14.0879558867058,-2.65541817432818,320739
1.07105254197696,14.0834541065587,-2.65661023491353,320740
1.06857213897814,14.0748250879712,-2.65885693561372,320741
1.06462895122049,14.0757641566914,-2.65992763579463,320742
-0.0132625978981948,10.7459053871654,-2.48250307881505,320756
0.996257350256458,14.0435539368709,-2.70722935768585,320771
0.995080590518607,14.0388448911122,-2.70871379271665,320772
0.993871275277075,14.0375981821768,-2.71027572704831,320773
0.992623337493742,14.0345156878128,-2.71120618774188,320774
0.990914833393367,14.0386116060183,-2.7133169165654,320775
0.987055974473966,14.0374034493003,-2.71647731223262,320776
0.989203967755814,14.0215507792521,-2.71187841914629,320777
0.989836561129331,14.0177106920268,-2.71385951117978,320778
0.952866440654052,14.0199060019233,-2.76806958821232,320810
0.952413987233371,14.0143312584604,-2.76733533260882,320811
0.952401234756418,14.023136188897,-2.77004423078364,320812
0.953250908334159,14.0310462059871,-2.7710634573707,320813
0.957900849966108,14.0266113339477,-2.769843367142,320814
0.95887451407096,14.0334224262267,-2.770679463421,320815
1.98676853956754,13.1369192788868,-2.35858444913602,321337
2.00095295548376,13.1472085911177,-2.35953539974605,321338
2.01779713254189,13.1413163968496,-2.35951963155713,321339
2.03720379583753,13.139664810062,-2.36022047485365,321340
2.05316760340359,13.1411361511529,-2.3611468449658,321341
2.0735130389479,13.1367994257554,-2.36038170554418,321342
2.61785602284394,13.0766764868646,-2.38992669352063,321368
2.63897590336722,13.0724020787082,-2.39038579197823,321369
2.65960050299725,13.0698709906917,-2.39165268563575,321370
2.68406870488949,13.0728293769583,-2.39551313422373,321371
2.70646380791335,13.0628774571294,-2.39723787518761,321372
2.72825858513708,13.0605165908968,-2.39913556240374,321373
2.75110613480637,13.0466818075134,-2.40093917447792,321374
2.77613077836441,13.0389437544133,-2.40238758807815,321375
-0.484880650790111,12.3862522562337,-2.54726986058039,321378
-0.477985678291656,12.4783108839148,-2.66364556500688,321383
3.37173401361063,12.8204599889972,-2.47722813044312,321405
3.38626338131969,12.8209786402582,-2.48170945821253,321406
3.40094283595765,12.81130672541,-2.48392580330447,321407
3.41574467712734,12.8042533197059,-2.48784484938919,321408
3.43088930245963,12.7941019377096,-2.49194320215904,321409
3.44626815505038,12.7833845859616,-2.49370349179414,321410
3.46244868769324,12.7790262510396,-2.49799326579717,321411
3.47775681702907,12.7734646016091,-2.50157405105767,321412
3.49387290835092,12.7638655400507,-2.50531462522569,321413
3.51080208984962,12.7544402700543,-2.5103060072094,321414
-0.305913322914679,12.7896680596914,-2.7469378096148,321419
-0.304375314317426,12.7940305448483,-2.74491999299736,321420
-0.301340828463234,12.7892151943148,-2.74142151981322,321421
-0.298346263880522,12.7869524524399,-2.7389286654146,321422
-0.295592703350663,12.7854679361242,-2.73671219837565,321423
-0.291524492217934,12.7794339599661,-2.73327597657584,321424
-0.288172202057499,12.7689234861968,-2.7291513478273,321425
3.94891471296566,12.5660929676942,-2.57535273379651,321443
3.95823263034862,12.553028985692,-2.57522894714363,321444
3.96844291223113,12.5435661750781,-2.57631060077975,321445
3.97996852499235,12.5408201065467,-2.57822639715647,321446
3.99086477045503,12.533015822035,-2.58054701682043,321447
4.00030136720061,12.5239503157216,-2.58049052025159,321448
4.00858950947815,12.5147860581049,-2.58245905162183,321449
4.01656791979661,12.5033062928239,-2.58457569750824,321450
4.02437024647697,12.4913132531553,-2.58394624798192,321451
4.02992713240956,12.4841334507283,-2.58231255496844,321452
-0.290994128027343,12.8611596216132,-2.77279563090246,321457
-0.293130520758823,12.8731553740942,-2.7712329693629,321458
4.01231682250351,12.5630102750041,-2.68311298823898,321484
4.01459920891124,12.5673303231039,-2.68366236645797,321485
4.01654288496635,12.5692692259493,-2.68523237162522,321486
4.01771183561582,12.5630122723408,-2.68561749287073,321487
4.02255862928334,12.5742946495274,-2.68775714119541,321488
-0.47133661953956,12.9462898438409,-2.74869995746903,321492
-0.474403696284936,12.9550056407281,-2.74957735910925,321493
-0.48263109374548,12.9694209337853,-2.75002410835991,321494
-0.484754320976921,12.9608842951329,-2.74741853354447,321495
4.0369201030454,12.6828612298826,-2.71562518779125,321516
4.03900760137136,12.698608649732,-2.71564783655482,321517
4.03910303316821,12.7037540908778,-2.71661084247342,321518
4.03900703540845,12.7012324785415,-2.71693276412259,321519
4.04182774648188,12.7096837951875,-2.71821961084695,321520
4.04342525751195,12.712435741603,-2.71829374094408,321521
4.04574140891065,12.7097425646688,-2.71752666009485,321522
4.05049281526533,12.7253389240705,-2.71683770771545,321523
4.08490776981063,12.8021801139639,-2.7309255515678,321554
4.0858231339333,12.8007491607574,-2.72790589734044,321555
4.08469393471091,12.7978282687122,-2.72908434725074,321556
4.08578992851687,12.8024281840917,-2.73047602496545,321557
4.08705881737612,12.8037518590747,-2.73166426633775,321558
4.08875250252601,12.801004855835,-2.73075241226703,321559
4.09124820987047,12.8088830731804,-2.73307877813379,321560
4.09450707338556,12.8056010737899,-2.73526954402846,321561
-0.603365584068797,13.0873513160813,-2.83925223091031,321567
-0.604827292318559,13.1085533281452,-2.84757940057683,321568
-0.604929475417657,13.1088436472435,-2.84878560368652,321569
-0.615186770478049,13.1323607248389,-2.85140015870133,321570
-0.615893550757998,13.129512028149,-2.85461671147624,321571
-0.561417166652203,13.1093869375423,-2.90462413739348,321605
-2.20295831464936,12.9255182159195,-3.02516972834561,322114
-4.31527786279688,24.2382181326504,1.39469604774382,323316
-4.31787494395918,24.2391068882302,1.39556478162966,323317
-4.329246785073,24.2687669553483,1.39973769776648,323318
-4.32686724587661,24.2289003153311,1.39990026401813,323319
-4.33521858422553,24.2433022631401,1.4055703937089,323320
-4.41410565511593,24.2109615750065,1.47624343660671,323347
-4.4101598045589,24.2021037510728,1.47720614156067,323348
-4.411185374125,24.2058182827918,1.47796695594157,323349
-4.40585844665645,24.1929884298442,1.48015357793594,323350
-4.41139611558313,24.2074379187694,1.48356519363134,323351
-4.41427196200536,24.2124245098568,1.48781032919245,323352
-4.41440224314197,24.2004389471976,1.48886629744239,323353
-4.41738713384149,24.1953762342342,1.4924195625316,323354
-4.43319061398371,24.2214242984197,1.52276013106088,323380
-4.43469177734352,24.226731755376,1.52146501749979,323381
-4.4348378725011,24.2260643520874,1.52120989278855,323382
-4.44044215211769,24.2432357344468,1.52382513122749,323383
-4.4328552642864,24.2020559231581,1.52129730232689,323384
-4.44454860406976,24.2278725812255,1.52586278569935,323385
0.124807045113756,11.2982361470774,-2.49717374021212,323447
0.122670073698907,11.2990051586733,-2.49288637741976,323448
0.121832759696485,11.3023556655637,-2.49071200987299,323449
0.121140112240065,11.3010526049355,-2.48697946238758,323450
0.127154700316872,11.2361856403996,-2.40826853690799,323479
0.127156091236763,11.2404151168521,-2.40759714650887,323480
0.127342356626638,11.2408725284654,-2.40632646544863,323481
0.128600984103295,11.2386516804334,-2.40467966130898,323482
0.129466963990994,11.2342524913708,-2.40246327750386,323483
0.129603911832066,11.2331716179174,-2.40118224099497,323484
0.129091334411501,11.2332575106589,-2.39963901660744,323485
0.130289701383638,11.2277971671303,-2.39695873071758,323486
0.129049977761346,11.2233392011101,-2.39442608901055,323487
0.0591625787635852,11.1705387739924,-2.36080500051821,323513
0.0556182615582383,11.1675651070793,-2.36079971707156,323514
0.0499670541744233,11.170828385059,-2.36200678557834,323515
0.0474465605274299,11.1670088644756,-2.3615724429566,323516
0.0462693333937152,11.1643485671924,-2.36074758003409,323517
0.0460742368860406,11.152884048542,-2.35870361665522,323518
0.0424694847552851,11.1518647790444,-2.35695357901062,323519
0.0407105476401038,11.1471605969242,-2.35483226157404,323520
0.0394366376865992,11.1415105906956,-2.35248492919558,323521
-0.041747345299423,11.0383467782777,-2.34482864793294,323550
-0.0386246147381971,11.0259018836926,-2.34338316817463,323551
-0.0349990798214501,11.0119844943885,-2.34090086667937,323552
-0.0319667072582733,11.0025905781296,-2.33885343545786,323553
-0.0295384257802369,10.9931384790411,-2.33735259190828,323554
-0.0268919590714894,10.9849033256168,-2.33615379651188,323555
-0.0253444529067187,10.9768445180993,-2.33443891587605,323556
-0.0201245843620151,10.9591454322434,-2.33204904875938,323557
0.00696431832522006,10.817572650661,-2.30674148990193,323582
0.00968429229197857,10.8140001570081,-2.30725574925457,323583
0.0115096711533825,10.8123332652006,-2.30864243662324,323584
0.0132158690576574,10.8102152107974,-2.30902669535964,323585
0.0151630434863505,10.8052927641484,-2.30817805808868,323586
0.0177080598607707,10.8014111595306,-2.30780987836422,323587
0.0212311685868107,10.7950839449346,-2.30821354901657,323588
0.0232299089675117,10.7918489789753,-2.30842728921439,323589
0.0266643978089837,10.7841031571905,-2.3071787095706,323590
0.0271185279375281,10.7839742905494,-2.30879747077838,323591
0.0305027979423281,10.7688554329546,-2.30792897257393,323592
0.142868749876119,10.6764739138703,-2.30715101650102,323616
0.145585357784456,10.6762220555482,-2.30919336355571,323617
0.147700933205066,10.6743689394098,-2.30949039981159,323618
0.149860651357289,10.6730024994943,-2.31042585249589,323619
0.152268131031061,10.6656750145548,-2.31060627451176,323620
0.153124169418735,10.6664597211758,-2.31222063951472,323621
0.155073193664587,10.6626352869982,-2.31348592028878,323622
0.155374212496343,10.6596230970934,-2.31471556266889,323623
0.156069962015321,10.6594238255557,-2.31675300717216,323624
0.158202586658455,10.6504700029763,-2.3180776135081,323625
0.15831193400308,10.6466795883327,-2.31907182968454,323626
0.198756424676709,10.541479676915,-2.36619613025123,323651
0.201443429590224,10.5538506439374,-2.37148661076945,323652
0.203223367023953,10.5499089094033,-2.37439854296871,323653
0.204991222290131,10.5466768120674,-2.37763440603283,323654
0.206608890511534,10.5439827022629,-2.3810984738311,323655
0.209110414961914,10.5389526994931,-2.38323889490788,323656
0.211396355836576,10.53223225227,-2.38588187467173,323657
0.213203122670728,10.5302504966094,-2.39017560492161,323658
0.214760838109847,10.5264887966279,-2.3929073389297,323659
0.217300470417798,10.5195531516416,-2.39591276759169,323660
0.218955179241867,10.516284052522,-2.39837839348888,323661
0.248697163796661,10.4315806996001,-2.46804215797525,323688
0.24984765175662,10.4288360129816,-2.46960111670883,323689
0.251138276874038,10.4270428931587,-2.471970066197,323690
0.252818418047395,10.4244918470312,-2.47403765794088,323691
0.254158615682756,10.4223584694253,-2.47543825714491,323692
0.255890929815845,10.4201916067032,-2.47808559610875,323693
0.257826813118536,10.4149909944538,-2.47965051621015,323694
0.259090207405715,10.411806782282,-2.48182694859287,323695
0.259636720399179,10.4062220972176,-2.48322434718271,323696
0.259276744028011,10.4036821199276,-2.48463901612688,323697
0.278586510319812,10.3405345038253,-2.5214433771104,323726
0.277738061014228,10.3482683746062,-2.52392993588599,323727
0.277930697740961,10.3479004935072,-2.52508499305673,323728
0.278161028685096,10.343219347576,-2.52454093513593,323729
0.279390925389507,10.3369674129027,-2.52423225308391,323730
0.279177537133008,10.337724378355,-2.52457106216914,323731
0.282378522758299,10.3255512505721,-2.52531617646813,323732
-5.9525444412342,25.3061587995959,2.39589252806859,324144
-5.94591193624321,25.2939775939635,2.40019945095507,324145
-5.94934101736619,25.3004129103563,2.3971323323944,324146
-5.94751727419759,25.2900425664466,2.39686796281771,324147
-5.94896883388807,25.3048988760967,2.40702060459332,324148
-5.95798507674538,25.3277217684387,2.4113484159209,324149
-6.0120278217436,25.3579296984414,2.44143445920891,324177
-6.00662406887039,25.3401497413596,2.44449698442968,324178
-6.00139568443014,25.3182374143533,2.44391036158705,324179
-6.00479388221299,25.3183306456155,2.44578548523527,324180
-6.02732656989727,25.362964365254,2.45274126646648,324181
0.528567015382096,9.26639311467386,-2.17764091232433,324215
0.544630501697668,9.24086269564248,-2.17213288687564,324216
0.549369336530208,9.23813345786861,-2.17140341626596,324217
0.555129606358633,9.22986205513116,-2.16940463259774,324218
0.560631411620842,9.22388100857127,-2.16807134228524,324219
0.565026848516923,9.22142927912152,-2.16762171818303,324220
0.570410810157296,9.21417082888368,-2.16588080057521,324221
0.575855348237769,9.20803727333649,-2.16439823334072,324222
0.58017165475968,9.20268530193813,-2.16387422033545,324223
0.586240255893851,9.19354894522222,-2.16121556139726,324224
0.636744213714714,9.02564700670255,-2.16541510941494,324249
0.635801085360164,9.02485695406539,-2.16776343784116,324250
0.634758436019746,9.0198630784825,-2.16957135436952,324251
0.633706094839688,9.01477259300828,-2.17116054238197,324252
0.632059500529539,9.01017345536222,-2.17312574672332,324253
0.630504544723485,9.00595541002649,-2.17576293485193,324254
0.629581183563189,9.00061659545293,-2.177835087304,324255
0.627541658884196,8.99852487017922,-2.18109707777525,324256
0.626811130413295,8.99405945557541,-2.18336089453957,324257
0.62694254690465,8.98930513657445,-2.18786640939066,324258
4.17868494995906,25.9726901769452,1.59281221993461,324308
4.17350283365799,26.105597663024,1.59726064871861,324311
4.08131058116686,25.8282600921055,1.55506033719164,324342
4.07952975768473,25.8306611147408,1.55194873288321,324343
4.07787074540453,25.8238183692973,1.54464992790392,324344
4.07686497709068,25.8569917484622,1.54026175808784,324345
4.0781021529536,25.8934575854013,1.53750435366745,324346
2.15415606723275,25.4684599315769,1.62860748064145,325192
2.15261507303796,25.482530888816,1.62461274627986,325193
2.15232796313349,25.5271861830421,1.62229565673312,325194
2.15132374067458,25.5143227011413,1.62410710361397,325195
2.14731733658733,25.5016588911416,1.62724869509988,325196
2.14219169312292,25.4672431528,1.63048232409014,325197
-4.44701398880837,27.1848884941309,3.24383874606108,325757
-1.02158103542161,9.59309251916001,-2.20245501057049,325922
-1.02219626073156,9.59725427747946,-2.201972282381,325923
-1.02267805753287,9.59649773618415,-2.20352478585943,325924
-1.02348307645979,9.59848250543119,-2.20360576644471,325925
-1.02308961197057,9.59456420487891,-2.20450002919165,325926
-1.02162268232569,9.59593537363235,-2.20704785791723,325956
-1.02126232650337,9.59426976086572,-2.20685740709012,325957
-1.02104548883376,9.59456919935222,-2.20746129496146,325958
-1.01671278304582,9.58938722647445,-2.20327327001147,325988
-1.01521943638418,9.58677620996479,-2.20507882468089,325989
-1.01379595692687,9.58567662843588,-2.20559595376477,325990
-1.01429626914983,9.5872920276889,-2.20564313750861,325991
-1.0139756163537,9.58711548114106,-2.20559150642481,325992
-1.01363359809279,9.58693622353627,-2.206693677151,325993
-1.01326540761601,9.58422723724811,-2.20662439467586,325994
-0.932619274548858,24.6148186773148,2.34288700069364,326373
-0.937725166864051,24.6072030290879,2.34301343893563,326374
-0.946744744797889,24.6167462776863,2.34524016784715,326375
-0.953395241209833,24.6230646309976,2.34452756052661,326376
-0.959277987926995,24.6149830742726,2.34818271043705,326377
-1.19005989803086,24.4200120975107,2.24017663859076,326409
-1.19900829656229,24.4228742480498,2.23501002206431,326410
-1.20778486443219,24.4183733167437,2.22996965536849,326411
-1.21657775518889,24.4233033650978,2.22482398202375,326412
-1.22363016460134,24.4168727974719,2.22113852473847,326413
-1.2306709877164,24.4073830245226,2.21569353858453,326414
-1.24074392809556,24.3983066883396,2.2101741873425,326415
-1.47700164133329,24.3381542898989,2.06248973285414,326445
-1.4754904121282,24.2298958740977,2.05027352251808,326446
-1.48476146436582,24.2485536062406,2.04863164393724,326447
-1.48899427724179,24.2140437051549,2.03865970807386,326448
-1.49405832706431,24.1847092397734,2.0334025905985,326449
-1.49982317422723,24.1741700336871,2.02989126827882,326450
-1.72869419289799,24.1763280103641,1.86109709138112,326480
-1.73580110904609,24.1915093495909,1.85786532915039,326481
-1.73836530075292,24.1683692427579,1.8494319572044,326482
-1.73572160683796,24.1059889743742,1.85499284908266,326483
-1.73910849739555,24.0704014815074,1.84595615142414,326484
-1.8428087373796,24.0759697460519,1.70019472250105,326516
-1.84954650706387,24.1094762960583,1.70436137930531,326517
-1.82918122084162,24.0595621911921,1.66651626126315,326550
-2.86184489672532,24.3896664529935,1.88149557250998,327172
-3.10559021505342,24.4006131929729,1.88585359490369,327203
-3.11281314545098,24.4042716469746,1.88670668293855,327204
-3.11453306718343,24.3840048727853,1.8859096162846,327205
-3.1233718560275,24.3988193466494,1.89032228827761,327206
-3.13229651201061,24.3955989719804,1.89052932806052,327207
-3.13578543535627,24.3841803528354,1.89468209426117,327208
-3.14983499709158,24.4007697872323,1.89950186702941,327209
-3.35972717870451,24.3990370378556,1.98684067587615,327272
-3.35374476416307,24.3533282248944,1.9823118863754,327273
-3.36162442797765,24.3870878922051,1.98746924061612,327274
-3.36730671794679,24.3788754000632,1.98730145218575,327275
-3.36756993854381,24.3772342301326,1.99045958247778,327276
-3.36600905968493,24.3474596434017,1.99543331492112,327277
0.19158872880529,7.42208209587138,-1.64633398400252,327306
0.113767974102903,7.49734263895701,-1.72070593625595,327340
0.105992843249121,7.50136054491505,-1.72833790255033,327341
-3.32588392059918,24.3450990890144,2.08491932330723,327342
0.102376542358752,7.50442731903108,-1.73615403467961,327342
-3.32750942977791,24.3539873091305,2.09109314146015,327343
0.0977490839479252,7.50112343561126,-1.74214649915832,327343
-3.33511566329656,24.3817257974809,2.09524364561602,327344
-3.33137359435663,24.3533522977528,2.09286852488749,327345
-3.33474070005609,24.3772529134977,2.10504759071536,327346
-0.978503748942263,9.57095237101218,-2.1633203821662,327409
-0.97733231567696,9.57061445633204,-2.164567509438,327410
-0.975087121900281,9.56677998753836,-2.16732768861671,327411
-0.976294055080717,9.56879118276969,-2.16784291455429,327412
-0.975895354850427,9.56743216760687,-2.16711699570909,327413
-0.976594539890609,9.56988566044364,-2.1636005440655,327414
-0.977809149720409,9.57113394642065,-2.16332784115216,327416
-0.969423609508901,9.56830116211215,-2.17445427459559,327443
-0.969316027634238,9.56847238355679,-2.17380129694304,327444
-0.970757308151616,9.57087673951183,-2.17475503902018,327445
-0.9731384384748,9.57450007540316,-2.17524589736599,327446
-0.974019611590506,9.5759216172968,-2.17489413950209,327447
-0.976717549003463,9.57795524775232,-2.1748778296382,327448
-0.976831470052991,9.56981047789301,-2.17251401164111,327475
-0.974680180866655,9.56793168010098,-2.17051925692433,327476
-0.973596539079455,9.56728291512615,-2.17030135282924,327477
-0.973512097021597,9.5670415148107,-2.17076550753204,327478
-0.973490506813412,9.56680896390296,-2.17072347552994,327479
-0.975022648621509,9.56985842011833,-2.17102293766902,327480
-0.97238879519922,9.56486306221313,-2.17283320175157,327481
-0.972092604912328,9.56342832484448,-2.17212602062945,327482
-0.970145606930056,9.56632272854341,-2.17350928781618,327508
-0.969392426229862,9.56651741094503,-2.174895536766,327509
-0.971261929318344,9.57101202156989,-2.17564555485626,327510
-0.971094566543212,9.57030920232195,-2.17540772730083,327511
-0.970917509881313,9.57060291703628,-2.17613994274272,327512
-0.969568747936135,9.5696581286702,-2.17633222944831,327513
-0.975004388942168,9.57324585744378,-2.1657229940423,327542
-0.977873220104115,9.57852499754531,-2.16662366418172,327543
-0.978173091426265,9.57671357829217,-2.16705685397094,327544
-0.978236372746869,9.57749719703976,-2.16771330825502,327545
-0.978221399591501,9.57720434268419,-2.16679272150861,327546
-0.980303031372798,9.5815723940721,-2.16475353956402,327547
-4.93759007266534,24.6743901653424,2.27859702251605,327847
-4.94308694416544,24.6888381604031,2.28105772384947,327848
-4.95099078993098,24.6948280808596,2.28170935510153,327849
-5.212388494114,24.8131547643925,2.30673778418239,327881
-0.41181002052913,7.43909404976338,-1.47543061731524,328120
-0.428693908397536,7.45988567097384,-1.4762890587482,328121
-0.419736281007722,7.43917172409001,-1.48447615592965,328122
-0.429708833545295,7.44182016596625,-1.48584773870701,328124
-0.438304115397536,7.44782580712894,-1.49100167297716,328125
-0.463582940904748,7.49762119445909,-1.54564733007005,328153
-0.454873979620452,7.49202990752619,-1.54611860644204,328154
-0.450865147122929,7.49071827108105,-1.54729756427355,328155
-0.436415152623082,7.4790525984068,-1.54393974433277,328158
-0.444774639844381,7.48986884853566,-1.55036740520926,328160
-0.439258420798345,7.48486473705307,-1.55298379323198,328161
-0.417777335427663,7.47448210414821,-1.58260135797907,328188
-0.418082912917832,7.47436913389126,-1.58376635049948,328189
-0.419581180896907,7.47745856293133,-1.58489369530523,328190
-0.419569078497363,7.48020356486021,-1.58776733498085,328191
-0.416650262448793,7.47570242155103,-1.58845860755839,328192
-0.416282479794343,7.47763555146892,-1.59092976511701,328193
-0.414238924073985,7.47771324861995,-1.59311147078974,328194
-0.412672123320644,7.47199288767121,-1.59351772461619,328195
-0.380160507789988,7.44002357270935,-1.66107063361998,328222
-0.377358466260568,7.441671769306,-1.66557948253981,328223
-0.980926663721533,9.57889004108357,-2.1484436035959,329687
-0.979581598011929,9.57920457136812,-2.15027553835544,329688
-0.979708686074102,9.5804348919811,-2.14887003641287,329689
-0.979270913648497,9.58044081019332,-2.14881737165945,329690
-0.979867486282601,9.58156464375455,-2.14921260393186,329691
-0.979691013968999,9.57995868416775,-2.14938273776231,329692
-0.980090103606971,9.57457225591602,-2.14670101985456,329693
-0.977649464179937,9.57811553033393,-2.14621832117743,329718
-0.976214203373211,9.57897121974121,-2.14641359581642,329719
-0.977227475036712,9.58280232105837,-2.14773496314211,329720
-0.976762797236261,9.58276721338703,-2.1475022121186,329721
-0.976352276019142,9.5823161470603,-2.14734699687351,329722
-0.977332120320033,9.58266156375418,-2.14880240887517,329723
-0.978200279050885,9.58364773478268,-2.14788658556215,329724
-0.979080295597761,9.57837898263816,-2.14709660342989,329725
-0.975366257539845,9.57579299297871,-2.14679362202555,329750
-0.976016185114632,9.58263225749766,-2.14826677313319,329751
-0.97436748616364,9.58206864248363,-2.14768878097617,329752
-0.974224820119525,9.58343166680643,-2.14829006242612,329753
-0.973575612519263,9.58155174801935,-2.14757239230766,329754
-0.974103195683497,9.58272904415501,-2.14794512765379,329755
-0.974457309850988,9.58152869323818,-2.14767864621224,329756
-0.976571874338061,9.58517926188591,-2.1498116527834,329757
-0.978105014128676,9.59106965807575,-2.15163713839594,329758
-0.973714838980314,9.58381070147382,-2.14914104962603,329783
-0.974412385718221,9.59060382334495,-2.15067219552976,329784
-0.973035006018281,9.58852015294532,-2.15003408794582,329785
-0.972183285984266,9.58350096641531,-2.14826003688381,329786
-0.973892779802741,9.59032353852247,-2.15050065771478,329787
-0.973918091552567,9.59049813070022,-2.15013643287765,329788
-0.97518472347826,9.59183945575553,-2.15159301106953,329789
-0.979096797601105,9.58508795545697,-2.13600814626601,331642
-0.978969399307427,9.58867881510881,-2.13419024769368,331643
-0.979620776191866,9.59278684504079,-2.13706665161235,331644
-0.978644030028139,9.59038889402784,-2.13601757371745,331645
-0.979260421769831,9.58970409257469,-2.13559269170555,331646
-0.979704588332142,9.59243581058398,-2.13688594334407,331673
-0.978821601611459,9.5890668755645,-2.13611921141585,331674
-0.978151626645248,9.58903093322668,-2.13595133112512,331675
-0.978364447501884,9.58934785474729,-2.13582099288517,331676
-0.97883011075208,9.59096033678749,-2.1365437335776,331677
-0.980029117817705,9.5886122186978,-2.13442101647413,331678
-0.98067835248099,9.59429685579603,-2.13541365284758,331679
-0.981255825124288,9.58944168860353,-2.13541982777929,331680
-0.978184652643827,9.59035405973504,-2.13533870965668,331706
-0.979857381742693,9.59752760249067,-2.13681832181805,331707
-0.979152450323415,9.59568583304434,-2.13729214375159,331708
-0.979295363789764,9.59547131296329,-2.13683609695397,331709
-0.979228905542313,9.59520266408541,-2.13634326832812,331710
-0.979283373531935,9.59552701502284,-2.13635169531294,331711
-0.977332715681419,9.58773946498877,-2.13430189771932,331712
-0.978655743257481,9.58998686473453,-2.13641891025433,331713
-0.978440058076914,9.59054075749366,-2.13492027011871,331738
-0.978546102859639,9.59209350438591,-2.13644691970558,331739
-0.978502441677761,9.59130026237301,-2.13684381348911,331740
-0.977488736019801,9.59191340080998,-2.13747388539731,331741
-0.978452395368818,9.59370340340201,-2.1374112451711,331742
-0.978679824649066,9.59125205298093,-2.1357738922323,331743
-0.978438100853345,9.58874253305371,-2.13302505838845,331744
-0.979652834937113,9.58830111834068,-2.1337464936454,331745
-0.980235772274394,9.59264076824144,-2.13580519320819,331771
-0.979480820986678,9.59141096509129,-2.13496975530053,331772
-0.978960991087743,9.5909285909302,-2.13495270543557,331773
-0.978985403416348,9.59079966346077,-2.13455530881141,331774
-0.979080630331069,9.59092030102751,-2.13490239388155,331775
-0.98029389216798,9.59265817912878,-2.1348077052962,331776
-0.979748862191711,9.59346827194635,-2.13442483060023,331777
-0.980477492157675,9.59336244779928,-2.13508514446424,331778
-0.982938348710741,9.59035618694045,-2.13459780371407,331779
-0.979204174772713,9.59125251169658,-2.13451711874536,331805
-0.977910616427588,9.59033414542872,-2.13442724313942,331806
-0.977274459845327,9.59072419132789,-2.1355882374322,331807
-0.977834052183116,9.59083178206074,-2.13554785319891,331808
-0.977275145384685,9.58961525084784,-2.13512679737344,331809
-0.977311737827944,9.58669645360172,-2.1316632424164,331810
-0.978338911806069,9.58737553042328,-2.13386783200995,331811
-2.98367706523603,15.8615439599502,-2.34048594363793,334755
-2.96318827696014,15.8605179052732,-2.34336543256445,334756
-2.9425573029441,15.858159425057,-2.34528362066955,334757
-2.91668091758758,15.8449004660616,-2.34667153405525,334758
-2.89642492378906,15.8365293426752,-2.34868019737606,334759
-0.973296522034989,9.59627495820962,-2.13630209983851,334993
-0.971393801231029,9.59449013708268,-2.13641832958682,334994
-0.974736897800519,9.59902884076614,-2.13543582220291,334995
-0.974489125920739,9.59793341347705,-2.13529414095285,334996
-0.974804811168682,9.59825423029646,-2.13471048738153,334997
-0.971092879195429,9.59129234399114,-2.13576909223864,334998
-0.974371772495778,9.59418016345835,-2.13598558079929,334999
-0.973863606712471,9.59401029653613,-2.13511495788668,335023
-0.972500380918042,9.59480998302439,-2.13578188666028,335024
-0.971917714136707,9.59267475996927,-2.13611498280769,335025
-0.972016958505566,9.59286906934301,-2.13610668630358,335026
-0.971845509024864,9.59308293785365,-2.13588326029608,335027
-0.972443129615632,9.5942723766945,-2.13619868630099,335028
-0.973811527075484,9.59706691160115,-2.13670555068536,335029
-0.974173924638174,9.59674978686851,-2.13711420116558,335030
-0.970676241315163,9.59034335915205,-2.13424352335649,335054
-0.972745902325411,9.59592227800947,-2.13482181474036,335055
-0.972004423196637,9.59524730743445,-2.1344768064228,335056
-0.973429141353465,9.59748918829693,-2.13498006804616,335057
-0.973772122652244,9.59847284136365,-2.135491976246,335058
-0.974403879252592,9.5995553584969,-2.13592316399135,335059
-0.97504439009461,9.59818884937881,-2.13528164192178,335060
-0.971452080492479,9.5923153043551,-2.13454981545531,335061
-0.97446583197066,9.59961802407169,-2.13591809951828,335062
-0.977661365030205,9.59704950631324,-2.1314344865503,335086
-0.973823034842422,9.5944809998059,-2.13298169000037,335087
-0.972266206357167,9.59345143811061,-2.13448594110013,335088
-0.97400804666281,9.59469364356398,-2.13456634176901,335089
-0.972207064770056,9.59177961068762,-2.13461046587359,335090
-0.973522335960245,9.59367903672691,-2.13455996629055,335091
-0.974420741270943,9.59534061291159,-2.13531182258158,335092
-0.974023046043614,9.59443164185577,-2.13428772988669,335093
-0.976543135686523,9.59943720408105,-2.13442447130031,335094
-0.979809105796589,9.60674491645372,-2.13617954060346,335095
-0.973064376879319,9.59678455339317,-2.13365527553834,335119
-0.971459007425169,9.59374753582537,-2.13384218381717,335120
-0.972358035771447,9.59594327194812,-2.13378070039746,335121
-0.972974344199987,9.59673303511626,-2.1340712501827,335122
-0.972793637472201,9.59683583297082,-2.13445931663822,335123
-0.972931445476483,9.59754207597976,-2.13459310225283,335124
-0.972670053521089,9.59661405215725,-2.1332446684776,335125
-0.974876777580345,9.59970415610341,-2.13391847256122,335126
-0.970557138804483,9.59204561190463,-2.13309577567927,335127
-0.972292769611273,9.59399448906813,-2.132913074778,335153
-0.971468581744353,9.59337413852561,-2.13369548848537,335154
-0.973856690428863,9.59668340985059,-2.13255534749931,335155
-0.973973940010028,9.59647447249352,-2.13320618245488,335156
-0.975274335148084,9.59991868786946,-2.13312584335876,335157
-0.976935072762745,9.60310103980988,-2.1333480177441,335158
-0.973547754774527,9.59573129256426,-2.13292781457611,335159
-0.978234427303329,9.60465593486484,-2.13515813198483,335160
